[
    {
        "id": 1,
        "image": "/images/BMWX5.png",
        "name": "BMW X5",
        "status": "AVAILABLE",
        "year": "year",
        "engineType": "enginetype",
        "price": 70,
        "bio": "bio"
    },
    {
        "id": 2,
        "image": "/images/ToyotaCorolla.png",
        "name": "Toyota Corolla",
        "status": "#",
        "year": "#",
        "engineType": "#",
        "price": 25,
        "bio": "#"
    },
    {
        "id": 3,
        "image": "/images/HondaCivic.png",
        "name": "Honda Civic",
        "status": "#",
        "year": "#",
        "engineType": "#",
        "price": 50,
        "bio": "#"
    },
    {
        "id": 4,
        "image": "/images/FordMustang.png",
        "name": "Ford Mustang",
        "status": "#",
        "year": "#",
        "engineType": "#",
        "price": 60,
        "bio": "#"
    },
    {
        "id": 5,
        "image": "/images/TeslaModel3.png",
        "name": "Tesla Model 3",
        "status": "#",
        "year": "#",
        "engineType": "#",
        "price": 65,
        "bio": "#"
    }
]